age	sex	year	deaths
0-4	Female	1950	1575
0-4	Female	1951	1744
0-4	Female	1952	2026
0-4	Female	1953	2009
0-4	Female	1954	2110
0-4	Female	1955	2416
0-4	Female	1956	2472
0-4	Female	1957	2445
0-4	Female	1958	2412
0-4	Female	1959	2731
0-4	Female	1960	2709
0-4	Female	1961	2691
0-4	Female	1962	2843
0-4	Female	1963	2879
0-4	Female	1964	2902
0-4	Female	1965	2827
0-4	Female	1966	3054
0-4	Female	1967	2848
0-4	Female	1968	2892
0-4	Female	1969	2968
0-4	Female	1970	2626
0-4	Female	1971	2506
0-4	Female	1972	2651
0-4	Female	1973	2555
0-4	Female	1974	2496
0-4	Female	1975	2442
0-4	Female	1976	2285
0-4	Female	1977	2418
0-4	Female	1978	2288
0-4	Female	1979	2283
0-4	Female	1980	2981
0-4	Female	1981	3321
0-4	Female	1982	3325
0-4	Female	1983	2856
0-4	Female	1984	2742
0-4	Female	1985	3318
0-4	Female	1986	3483
0-4	Female	1987	3547
0-4	Female	1988	3466
0-4	Female	1989	3451
0-4	Female	1990	3380
0-4	Female	1991	3151
0-4	Female	1992	3273
0-4	Female	1993	2974
0-4	Female	1994	3035
0-4	Female	1995	2844
0-4	Female	1996	2913
0-4	Female	1997	2793
0-4	Female	1998	2863
0-4	Female	1999	2788
0-4	Female	2000	2974
0-4	Female	2001	2671
0-4	Female	2002	2801
0-4	Female	2003	2748
0-4	Female	2004	2545
0-4	Female	2005	2311
0-4	Female	2006	2366
0-4	Female	2007	2349
0-4	Female	2008	2432
0-4	Female	2009	2319
0-4	Female	2010	2226
0-4	Male	1950	1942
0-4	Male	1951	2203
0-4	Male	1952	2487
0-4	Male	1953	2495
0-4	Male	1954	2610
0-4	Male	1955	2973
0-4	Male	1956	2994
0-4	Male	1957	3139
0-4	Male	1958	3117
0-4	Male	1959	3294
0-4	Male	1960	3438
0-4	Male	1961	3470
0-4	Male	1962	3423
0-4	Male	1963	3722
0-4	Male	1964	3651
0-4	Male	1965	3443
0-4	Male	1966	3580
0-4	Male	1967	3530
0-4	Male	1968	3643
0-4	Male	1969	3604
0-4	Male	1970	3335
0-4	Male	1971	3081
0-4	Male	1972	3132
0-4	Male	1973	3220
0-4	Male	1974	3032
0-4	Male	1975	3121
0-4	Male	1976	2906
0-4	Male	1977	3063
0-4	Male	1978	2928
0-4	Male	1979	2867
0-4	Male	1980	3490
0-4	Male	1981	4166
0-4	Male	1982	4056
0-4	Male	1983	3553
0-4	Male	1984	3550
0-4	Male	1985	4206
0-4	Male	1986	4300
0-4	Male	1987	4438
0-4	Male	1988	4263
0-4	Male	1989	4233
0-4	Male	1990	4123
0-4	Male	1991	3808
0-4	Male	1992	3948
0-4	Male	1993	3751
0-4	Male	1994	3685
0-4	Male	1995	3638
0-4	Male	1996	3551
0-4	Male	1997	3438
0-4	Male	1998	3616
0-4	Male	1999	3522
0-4	Male	2000	3596
0-4	Male	2001	3402
0-4	Male	2002	3425
0-4	Male	2003	3348
0-4	Male	2004	3116
0-4	Male	2005	2967
0-4	Male	2006	2864
0-4	Male	2007	2839
0-4	Male	2008	2988
0-4	Male	2009	2797
0-4	Male	2010	2660
10-14	Female	1950	554
10-14	Female	1951	630
10-14	Female	1952	787
10-14	Female	1953	851
10-14	Female	1954	901
10-14	Female	1955	1044
10-14	Female	1956	1159
10-14	Female	1957	1183
10-14	Female	1958	1337
10-14	Female	1959	1384
10-14	Female	1960	1587
10-14	Female	1961	1550
10-14	Female	1962	1665
10-14	Female	1963	1664
10-14	Female	1964	1646
10-14	Female	1965	1686
10-14	Female	1966	1737
10-14	Female	1967	1705
10-14	Female	1968	1839
10-14	Female	1969	1834
10-14	Female	1970	1882
10-14	Female	1971	1733
10-14	Female	1972	1795
10-14	Female	1973	1811
10-14	Female	1974	1846
10-14	Female	1975	1821
10-14	Female	1976	1813
10-14	Female	1977	1941
10-14	Female	1978	1850
10-14	Female	1979	1785
10-14	Female	1980	2110
10-14	Female	1981	2445
10-14	Female	1982	2384
10-14	Female	1983	2096
10-14	Female	1984	2101
10-14	Female	1985	2504
10-14	Female	1986	2503
10-14	Female	1987	2596
10-14	Female	1988	2432
10-14	Female	1989	2419
10-14	Female	1990	2492
10-14	Female	1991	2311
10-14	Female	1992	2623
10-14	Female	1993	2575
10-14	Female	1994	2604
10-14	Female	1995	2521
10-14	Female	1996	2672
10-14	Female	1997	2436
10-14	Female	1998	2499
10-14	Female	1999	2612
10-14	Female	2000	2742
10-14	Female	2001	2482
10-14	Female	2002	2596
10-14	Female	2003	2467
10-14	Female	2004	2265
10-14	Female	2005	2174
10-14	Female	2006	2141
10-14	Female	2007	2026
10-14	Female	2008	2010
10-14	Female	2009	1962
10-14	Female	2010	1913
10-14	Male	1950	742
10-14	Male	1951	872
10-14	Male	1952	1006
10-14	Male	1953	1110
10-14	Male	1954	1202
10-14	Male	1955	1386
10-14	Male	1956	1524
10-14	Male	1957	1609
10-14	Male	1958	1755
10-14	Male	1959	1951
10-14	Male	1960	1986
10-14	Male	1961	2090
10-14	Male	1962	2180
10-14	Male	1963	2196
10-14	Male	1964	2223
10-14	Male	1965	2242
10-14	Male	1966	2349
10-14	Male	1967	2273
10-14	Male	1968	2449
10-14	Male	1969	2382
10-14	Male	1970	2256
10-14	Male	1971	2261
10-14	Male	1972	2290
10-14	Male	1973	2443
10-14	Male	1974	2475
10-14	Male	1975	2389
10-14	Male	1976	2444
10-14	Male	1977	2538
10-14	Male	1978	2404
10-14	Male	1979	2367
10-14	Male	1980	2910
10-14	Male	1981	3166
10-14	Male	1982	3311
10-14	Male	1983	2805
10-14	Male	1984	2817
10-14	Male	1985	3366
10-14	Male	1986	3286
10-14	Male	1987	3598
10-14	Male	1988	3270
10-14	Male	1989	3261
10-14	Male	1990	3300
10-14	Male	1991	3266
10-14	Male	1992	3415
10-14	Male	1993	3343
10-14	Male	1994	3376
10-14	Male	1995	3224
10-14	Male	1996	3344
10-14	Male	1997	3287
10-14	Male	1998	3287
10-14	Male	1999	3400
10-14	Male	2000	3609
10-14	Male	2001	3174
10-14	Male	2002	3359
10-14	Male	2003	3153
10-14	Male	2004	2869
10-14	Male	2005	2808
10-14	Male	2006	2684
10-14	Male	2007	2615
10-14	Male	2008	2607
10-14	Male	2009	2480
10-14	Male	2010	2317
15-19	Female	1950	772
15-19	Female	1951	758
15-19	Female	1952	966
15-19	Female	1953	1055
15-19	Female	1954	1019
15-19	Female	1955	1222
15-19	Female	1956	1275
15-19	Female	1957	1344
15-19	Female	1958	1416
15-19	Female	1959	1476
15-19	Female	1960	1485
15-19	Female	1961	1643
15-19	Female	1962	1730
15-19	Female	1963	1964
15-19	Female	1964	2040
15-19	Female	1965	2066
15-19	Female	1966	2293
15-19	Female	1967	2087
15-19	Female	1968	2152
15-19	Female	1969	2182
15-19	Female	1970	2086
15-19	Female	1971	2011
15-19	Female	1972	2119
15-19	Female	1973	2176
15-19	Female	1974	2166
15-19	Female	1975	2176
15-19	Female	1976	2122
15-19	Female	1977	2340
15-19	Female	1978	2225
15-19	Female	1979	2276
15-19	Female	1980	2850
15-19	Female	1981	3029
15-19	Female	1982	3135
15-19	Female	1983	2750
15-19	Female	1984	2672
15-19	Female	1985	3102
15-19	Female	1986	3098
15-19	Female	1987	3436
15-19	Female	1988	3410
15-19	Female	1989	3285
15-19	Female	1990	3257
15-19	Female	1991	3152
15-19	Female	1992	3298
15-19	Female	1993	3216
15-19	Female	1994	3334
15-19	Female	1995	3267
15-19	Female	1996	3478
15-19	Female	1997	3386
15-19	Female	1998	3301
15-19	Female	1999	3389
15-19	Female	2000	3507
15-19	Female	2001	3307
15-19	Female	2002	3397
15-19	Female	2003	3225
15-19	Female	2004	3178
15-19	Female	2005	3064
15-19	Female	2006	2931
15-19	Female	2007	2804
15-19	Female	2008	2962
15-19	Female	2009	2705
15-19	Female	2010	2521
15-19	Male	1950	1028
15-19	Male	1951	1142
15-19	Male	1952	1321
15-19	Male	1953	1385
15-19	Male	1954	1526
15-19	Male	1955	1684
15-19	Male	1956	1770
15-19	Male	1957	1840
15-19	Male	1958	1961
15-19	Male	1959	2126
15-19	Male	1960	2193
15-19	Male	1961	2314
15-19	Male	1962	2502
15-19	Male	1963	2640
15-19	Male	1964	2759
15-19	Male	1965	2990
15-19	Male	1966	3167
15-19	Male	1967	3012
15-19	Male	1968	3188
15-19	Male	1969	3288
15-19	Male	1970	3151
15-19	Male	1971	2908
15-19	Male	1972	3013
15-19	Male	1973	3250
15-19	Male	1974	3304
15-19	Male	1975	3248
15-19	Male	1976	3292
15-19	Male	1977	3442
15-19	Male	1978	3381
15-19	Male	1979	3275
15-19	Male	1980	4083
15-19	Male	1981	4548
15-19	Male	1982	4653
15-19	Male	1983	3949
15-19	Male	1984	3868
15-19	Male	1985	4718
15-19	Male	1986	4656
15-19	Male	1987	5097
15-19	Male	1988	4802
15-19	Male	1989	4781
15-19	Male	1990	4837
15-19	Male	1991	4596
15-19	Male	1992	4988
15-19	Male	1993	4711
15-19	Male	1994	4834
15-19	Male	1995	4721
15-19	Male	1996	4862
15-19	Male	1997	4739
15-19	Male	1998	4963
15-19	Male	1999	5080
15-19	Male	2000	5270
15-19	Male	2001	4811
15-19	Male	2002	4846
15-19	Male	2003	4788
15-19	Male	2004	4472
15-19	Male	2005	4342
15-19	Male	2006	4281
15-19	Male	2007	4146
15-19	Male	2008	4316
15-19	Male	2009	3981
15-19	Male	2010	3635
20-24	Female	1950	994
20-24	Female	1951	1173
20-24	Female	1952	1260
20-24	Female	1953	1360
20-24	Female	1954	1410
20-24	Female	1955	1539
20-24	Female	1956	1598
20-24	Female	1957	1622
20-24	Female	1958	1705
20-24	Female	1959	1853
20-24	Female	1960	1858
20-24	Female	1961	1792
20-24	Female	1962	1901
20-24	Female	1963	2119
20-24	Female	1964	2156
20-24	Female	1965	2118
20-24	Female	1966	2193
20-24	Female	1967	2340
20-24	Female	1968	2533
20-24	Female	1969	2625
20-24	Female	1970	2542
20-24	Female	1971	2476
20-24	Female	1972	2549
20-24	Female	1973	2709
20-24	Female	1974	2565
20-24	Female	1975	2604
20-24	Female	1976	2556
20-24	Female	1977	2604
20-24	Female	1978	2612
20-24	Female	1979	2600
20-24	Female	1980	3365
20-24	Female	1981	3827
20-24	Female	1982	3901
20-24	Female	1983	3376
20-24	Female	1984	3262
20-24	Female	1985	3974
20-24	Female	1986	4071
20-24	Female	1987	4285
20-24	Female	1988	4211
20-24	Female	1989	4233
20-24	Female	1990	4050
20-24	Female	1991	4105
20-24	Female	1992	4411
20-24	Female	1993	4210
20-24	Female	1994	4393
20-24	Female	1995	4166
20-24	Female	1996	4365
20-24	Female	1997	4280
20-24	Female	1998	4265
20-24	Female	1999	4429
20-24	Female	2000	4541
20-24	Female	2001	4049
20-24	Female	2002	4408
20-24	Female	2003	4375
20-24	Female	2004	3985
20-24	Female	2005	3910
20-24	Female	2006	3822
20-24	Female	2007	3753
20-24	Female	2008	3773
20-24	Female	2009	3599
20-24	Female	2010	3431
20-24	Male	1950	1231
20-24	Male	1951	1484
20-24	Male	1952	1607
20-24	Male	1953	1798
20-24	Male	1954	1828
20-24	Male	1955	2076
20-24	Male	1956	2080
20-24	Male	1957	2150
20-24	Male	1958	2165
20-24	Male	1959	2318
20-24	Male	1960	2337
20-24	Male	1961	2443
20-24	Male	1962	2604
20-24	Male	1963	2786
20-24	Male	1964	2774
20-24	Male	1965	2837
20-24	Male	1966	3050
20-24	Male	1967	3126
20-24	Male	1968	3383
20-24	Male	1969	3566
20-24	Male	1970	3617
20-24	Male	1971	3550
20-24	Male	1972	3640
20-24	Male	1973	3730
20-24	Male	1974	3734
20-24	Male	1975	3862
20-24	Male	1976	3779
20-24	Male	1977	3964
20-24	Male	1978	3873
20-24	Male	1979	3679
20-24	Male	1980	4836
20-24	Male	1981	5368
20-24	Male	1982	5430
20-24	Male	1983	4593
20-24	Male	1984	4684
20-24	Male	1985	5558
20-24	Male	1986	5545
20-24	Male	1987	5969
20-24	Male	1988	5634
20-24	Male	1989	5750
20-24	Male	1990	5784
20-24	Male	1991	5619
20-24	Male	1992	5882
20-24	Male	1993	5561
20-24	Male	1994	5953
20-24	Male	1995	5873
20-24	Male	1996	5794
20-24	Male	1997	5755
20-24	Male	1998	5797
20-24	Male	1999	5879
20-24	Male	2000	6156
20-24	Male	2001	5493
20-24	Male	2002	5748
20-24	Male	2003	5644
20-24	Male	2004	5382
20-24	Male	2005	5190
20-24	Male	2006	5165
20-24	Male	2007	5192
20-24	Male	2008	5376
20-24	Male	2009	5089
20-24	Male	2010	4852
25-29	Female	1950	1987
25-29	Female	1951	2169
25-29	Female	1952	2435
25-29	Female	1953	2562
25-29	Female	1954	2533
25-29	Female	1955	2903
25-29	Female	1956	2952
25-29	Female	1957	2963
25-29	Female	1958	3003
25-29	Female	1959	3172
25-29	Female	1960	3062
25-29	Female	1961	3108
25-29	Female	1962	3135
25-29	Female	1963	3452
25-29	Female	1964	3296
25-29	Female	1965	3289
25-29	Female	1966	3491
25-29	Female	1967	3374
25-29	Female	1968	3585
25-29	Female	1969	3784
25-29	Female	1970	3522
25-29	Female	1971	3490
25-29	Female	1972	3743
25-29	Female	1973	3999
25-29	Female	1974	4134
25-29	Female	1975	4290
25-29	Female	1976	4361
25-29	Female	1977	4325
25-29	Female	1978	4405
25-29	Female	1979	4158
25-29	Female	1980	5327
25-29	Female	1981	6031
25-29	Female	1982	6142
25-29	Female	1983	5386
25-29	Female	1984	5689
25-29	Female	1985	6730
25-29	Female	1986	6809
25-29	Female	1987	7457
25-29	Female	1988	7182
25-29	Female	1989	7096
25-29	Female	1990	7117
25-29	Female	1991	6936
25-29	Female	1992	7292
25-29	Female	1993	6836
25-29	Female	1994	7194
25-29	Female	1995	6971
25-29	Female	1996	7241
25-29	Female	1997	6943
25-29	Female	1998	7094
25-29	Female	1999	7616
25-29	Female	2000	7574
25-29	Female	2001	6613
25-29	Female	2002	6749
25-29	Female	2003	6917
25-29	Female	2004	6406
25-29	Female	2005	6455
25-29	Female	2006	6234
25-29	Female	2007	5859
25-29	Female	2008	6554
25-29	Female	2009	6222
25-29	Female	2010	5926
25-29	Male	1950	1773
25-29	Male	1951	1992
25-29	Male	1952	2273
25-29	Male	1953	2448
25-29	Male	1954	2468
25-29	Male	1955	2822
25-29	Male	1956	2896
25-29	Male	1957	2968
25-29	Male	1958	2952
25-29	Male	1959	3144
25-29	Male	1960	3227
25-29	Male	1961	3223
25-29	Male	1962	3226
25-29	Male	1963	3386
25-29	Male	1964	3470
25-29	Male	1965	3485
25-29	Male	1966	3522
25-29	Male	1967	3381
25-29	Male	1968	3812
25-29	Male	1969	3947
25-29	Male	1970	3810
25-29	Male	1971	3744
25-29	Male	1972	4023
25-29	Male	1973	4255
25-29	Male	1974	4479
25-29	Male	1975	4699
25-29	Male	1976	4774
25-29	Male	1977	5063
25-29	Male	1978	4730
25-29	Male	1979	4525
25-29	Male	1980	5818
25-29	Male	1981	6432
25-29	Male	1982	6503
25-29	Male	1983	5945
25-29	Male	1984	5917
25-29	Male	1985	7099
25-29	Male	1986	7289
25-29	Male	1987	7978
25-29	Male	1988	7546
25-29	Male	1989	7821
25-29	Male	1990	7764
25-29	Male	1991	7486
25-29	Male	1992	7742
25-29	Male	1993	7262
25-29	Male	1994	7955
25-29	Male	1995	7972
25-29	Male	1996	8172
25-29	Male	1997	8199
25-29	Male	1998	8113
25-29	Male	1999	8282
25-29	Male	2000	8235
25-29	Male	2001	6765
25-29	Male	2002	7214
25-29	Male	2003	6879
25-29	Male	2004	6654
25-29	Male	2005	6423
25-29	Male	2006	6471
25-29	Male	2007	6371
25-29	Male	2008	6584
25-29	Male	2009	6231
25-29	Male	2010	6239
30-34	Female	1950	3490
30-34	Female	1951	3943
30-34	Female	1952	4426
30-34	Female	1953	4844
30-34	Female	1954	5136
30-34	Female	1955	5673
30-34	Female	1956	6063
30-34	Female	1957	6075
30-34	Female	1958	5790
30-34	Female	1959	6133
30-34	Female	1960	6070
30-34	Female	1961	6077
30-34	Female	1962	6097
30-34	Female	1963	6432
30-34	Female	1964	6229
30-34	Female	1965	6186
30-34	Female	1966	6217
30-34	Female	1967	6022
30-34	Female	1968	6358
30-34	Female	1969	6464
30-34	Female	1970	6057
30-34	Female	1971	6090
30-34	Female	1972	6187
30-34	Female	1973	6741
30-34	Female	1974	6889
30-34	Female	1975	6796
30-34	Female	1976	6774
30-34	Female	1977	7310
30-34	Female	1978	7573
30-34	Female	1979	7543
30-34	Female	1980	9484
30-34	Female	1981	10904
30-34	Female	1982	11372
30-34	Female	1983	10018
30-34	Female	1984	10346
30-34	Female	1985	12019
30-34	Female	1986	12260
30-34	Female	1987	13119
30-34	Female	1988	13190
30-34	Female	1989	13530
30-34	Female	1990	13475
30-34	Female	1991	13193
30-34	Female	1992	13725
30-34	Female	1993	13307
30-34	Female	1994	13989
30-34	Female	1995	13742
30-34	Female	1996	13976
30-34	Female	1997	13404
30-34	Female	1998	13348
30-34	Female	1999	13786
30-34	Female	2000	13691
30-34	Female	2001	12059
30-34	Female	2002	12775
30-34	Female	2003	12424
30-34	Female	2004	11615
30-34	Female	2005	11527
30-34	Female	2006	11245
30-34	Female	2007	11010
30-34	Female	2008	11489
30-34	Female	2009	11000
30-34	Female	2010	10617
30-34	Male	1950	2298
30-34	Male	1951	2644
30-34	Male	1952	2983
30-34	Male	1953	3293
30-34	Male	1954	3511
30-34	Male	1955	3980
30-34	Male	1956	4233
30-34	Male	1957	4294
30-34	Male	1958	4396
30-34	Male	1959	4691
30-34	Male	1960	4729
30-34	Male	1961	4834
30-34	Male	1962	4811
30-34	Male	1963	5202
30-34	Male	1964	5081
30-34	Male	1965	5045
30-34	Male	1966	5162
30-34	Male	1967	4924
30-34	Male	1968	5334
30-34	Male	1969	5378
30-34	Male	1970	5170
30-34	Male	1971	4949
30-34	Male	1972	5104
30-34	Male	1973	5667
30-34	Male	1974	5766
30-34	Male	1975	5948
30-34	Male	1976	5706
30-34	Male	1977	6320
30-34	Male	1978	6436
30-34	Male	1979	6261
30-34	Male	1980	8183
30-34	Male	1981	9477
30-34	Male	1982	9743
30-34	Male	1983	8580
30-34	Male	1984	8768
30-34	Male	1985	10319
30-34	Male	1986	10405
30-34	Male	1987	11748
30-34	Male	1988	11783
30-34	Male	1989	12045
30-34	Male	1990	12102
30-34	Male	1991	11710
30-34	Male	1992	12252
30-34	Male	1993	11777
30-34	Male	1994	12714
30-34	Male	1995	12501
30-34	Male	1996	12669
30-34	Male	1997	12404
30-34	Male	1998	12246
30-34	Male	1999	12531
30-34	Male	2000	12504
30-34	Male	2001	9913
30-34	Male	2002	10800
30-34	Male	2003	10565
30-34	Male	2004	9548
30-34	Male	2005	9390
30-34	Male	2006	9380
30-34	Male	2007	8886
30-34	Male	2008	9261
30-34	Male	2009	8824
30-34	Male	2010	8452
35-39	Female	1950	6977
35-39	Female	1951	7781
35-39	Female	1952	8295
35-39	Female	1953	8336
35-39	Female	1954	8367
35-39	Female	1955	9446
35-39	Female	1956	9834
35-39	Female	1957	9951
35-39	Female	1958	10579
35-39	Female	1959	11551
35-39	Female	1960	11532
35-39	Female	1961	11595
35-39	Female	1962	11419
35-39	Female	1963	11994
35-39	Female	1964	11885
35-39	Female	1965	11510
35-39	Female	1966	11836
35-39	Female	1967	11507
35-39	Female	1968	12007
35-39	Female	1969	12161
35-39	Female	1970	11385
35-39	Female	1971	10816
35-39	Female	1972	10963
35-39	Female	1973	11962
35-39	Female	1974	11987
35-39	Female	1975	11762
35-39	Female	1976	11809
35-39	Female	1977	12476
35-39	Female	1978	12009
35-39	Female	1979	11661
35-39	Female	1980	14698
35-39	Female	1981	15662
35-39	Female	1982	16495
35-39	Female	1983	15812
35-39	Female	1984	17039
35-39	Female	1985	19947
35-39	Female	1986	21486
35-39	Female	1987	22580
35-39	Female	1988	22924
35-39	Female	1989	23246
35-39	Female	1990	23818
35-39	Female	1991	23373
35-39	Female	1992	24332
35-39	Female	1993	23858
35-39	Female	1994	25321
35-39	Female	1995	25092
35-39	Female	1996	25483
35-39	Female	1997	25160
35-39	Female	1998	25139
35-39	Female	1999	25543
35-39	Female	2000	25772
35-39	Female	2001	22867
35-39	Female	2002	23011
35-39	Female	2003	22694
35-39	Female	2004	20899
35-39	Female	2005	20319
35-39	Female	2006	20844
35-39	Female	2007	19718
35-39	Female	2008	20429
35-39	Female	2009	19617
35-39	Female	2010	18853
35-39	Male	1950	4025
35-39	Male	1951	4588
35-39	Male	1952	4902
35-39	Male	1953	5158
35-39	Male	1954	5057
35-39	Male	1955	5686
35-39	Male	1956	6035
35-39	Male	1957	6030
35-39	Male	1958	6523
35-39	Male	1959	7163
35-39	Male	1960	7460
35-39	Male	1961	7456
35-39	Male	1962	7942
35-39	Male	1963	8438
35-39	Male	1964	8567
35-39	Male	1965	8776
35-39	Male	1966	8956
35-39	Male	1967	8673
35-39	Male	1968	9240
35-39	Male	1969	9507
35-39	Male	1970	8909
35-39	Male	1971	8557
35-39	Male	1972	8499
35-39	Male	1973	9573
35-39	Male	1974	9490
35-39	Male	1975	9370
35-39	Male	1976	9537
35-39	Male	1977	9971
35-39	Male	1978	10051
35-39	Male	1979	9504
35-39	Male	1980	12279
35-39	Male	1981	13191
35-39	Male	1982	13633
35-39	Male	1983	12901
35-39	Male	1984	13953
35-39	Male	1985	17107
35-39	Male	1986	18312
35-39	Male	1987	20280
35-39	Male	1988	19561
35-39	Male	1989	20441
35-39	Male	1990	20813
35-39	Male	1991	20802
35-39	Male	1992	21549
35-39	Male	1993	21084
35-39	Male	1994	22024
35-39	Male	1995	21882
35-39	Male	1996	21606
35-39	Male	1997	20871
35-39	Male	1998	20714
35-39	Male	1999	21712
35-39	Male	2000	21842
35-39	Male	2001	17223
35-39	Male	2002	17890
35-39	Male	2003	17229
35-39	Male	2004	15964
35-39	Male	2005	15291
35-39	Male	2006	15270
35-39	Male	2007	14229
35-39	Male	2008	15063
35-39	Male	2009	14061
35-39	Male	2010	13494
40-44	Female	1950	11645
40-44	Female	1951	12608
40-44	Female	1952	14256
40-44	Female	1953	15100
40-44	Female	1954	15457
40-44	Female	1955	17425
40-44	Female	1956	17088
40-44	Female	1957	16719
40-44	Female	1958	16300
40-44	Female	1959	16470
40-44	Female	1960	16643
40-44	Female	1961	16987
40-44	Female	1962	17678
40-44	Female	1963	19493
40-44	Female	1964	20068
40-44	Female	1965	19834
40-44	Female	1966	20702
40-44	Female	1967	20391
40-44	Female	1968	20683
40-44	Female	1969	21253
40-44	Female	1970	20357
40-44	Female	1971	19602
40-44	Female	1972	19738
40-44	Female	1973	20868
40-44	Female	1974	20909
40-44	Female	1975	20589
40-44	Female	1976	19967
40-44	Female	1977	20913
40-44	Female	1978	20456
40-44	Female	1979	19187
40-44	Female	1980	26085
40-44	Female	1981	29353
40-44	Female	1982	29720
40-44	Female	1983	25884
40-44	Female	1984	26239
40-44	Female	1985	28811
40-44	Female	1986	29370
40-44	Female	1987	31140
40-44	Female	1988	32217
40-44	Female	1989	34400
40-44	Female	1990	36772
40-44	Female	1991	37935
40-44	Female	1992	39237
40-44	Female	1993	38997
40-44	Female	1994	40846
40-44	Female	1995	40498
40-44	Female	1996	41431
40-44	Female	1997	40865
40-44	Female	1998	41668
40-44	Female	1999	43421
40-44	Female	2000	44065
40-44	Female	2001	39781
40-44	Female	2002	41058
40-44	Female	2003	40688
40-44	Female	2004	37620
40-44	Female	2005	36945
40-44	Female	2006	36799
40-44	Female	2007	34676
40-44	Female	2008	35804
40-44	Female	2009	33779
40-44	Female	2010	32203
40-44	Male	1950	7327
40-44	Male	1951	8213
40-44	Male	1952	9437
40-44	Male	1953	10002
40-44	Male	1954	10308
40-44	Male	1955	11054
40-44	Male	1956	11295
40-44	Male	1957	10813
40-44	Male	1958	10957
40-44	Male	1959	11080
40-44	Male	1960	11189
40-44	Male	1961	11689
40-44	Male	1962	12156
40-44	Male	1963	13397
40-44	Male	1964	14610
40-44	Male	1965	14646
40-44	Male	1966	15478
40-44	Male	1967	15512
40-44	Male	1968	16605
40-44	Male	1969	17454
40-44	Male	1970	17078
40-44	Male	1971	16521
40-44	Male	1972	16654
40-44	Male	1973	18099
40-44	Male	1974	18176
40-44	Male	1975	18032
40-44	Male	1976	17766
40-44	Male	1977	18449
40-44	Male	1978	18304
40-44	Male	1979	17229
40-44	Male	1980	25238
40-44	Male	1981	29452
40-44	Male	1982	29529
40-44	Male	1983	25407
40-44	Male	1984	24883
40-44	Male	1985	28674
40-44	Male	1986	28629
40-44	Male	1987	31216
40-44	Male	1988	31955
40-44	Male	1989	34141
40-44	Male	1990	36622
40-44	Male	1991	38435
40-44	Male	1992	39668
40-44	Male	1993	39839
40-44	Male	1994	41146
40-44	Male	1995	40546
40-44	Male	1996	40250
40-44	Male	1997	39647
40-44	Male	1998	39834
40-44	Male	1999	41469
40-44	Male	2000	41175
40-44	Male	2001	34795
40-44	Male	2002	35786
40-44	Male	2003	35133
40-44	Male	2004	31948
40-44	Male	2005	30802
40-44	Male	2006	30328
40-44	Male	2007	28176
40-44	Male	2008	27779
40-44	Male	2009	26598
40-44	Male	2010	25045
45-49	Female	1950	16437
45-49	Female	1951	17728
45-49	Female	1952	20207
45-49	Female	1953	21555
45-49	Female	1954	22569
45-49	Female	1955	25102
45-49	Female	1956	25753
45-49	Female	1957	26167
45-49	Female	1958	26653
45-49	Female	1959	27540
45-49	Female	1960	28357
45-49	Female	1961	27863
45-49	Female	1962	27014
45-49	Female	1963	27997
45-49	Female	1964	26700
45-49	Female	1965	26808
45-49	Female	1966	28820
45-49	Female	1967	29494
45-49	Female	1968	31635
45-49	Female	1969	33927
45-49	Female	1970	33227
45-49	Female	1971	32040
45-49	Female	1972	32465
45-49	Female	1973	35574
45-49	Female	1974	35646
45-49	Female	1975	35058
45-49	Female	1976	34408
45-49	Female	1977	35031
45-49	Female	1978	34399
45-49	Female	1979	31585
45-49	Female	1980	39761
45-49	Female	1981	43795
45-49	Female	1982	44565
45-49	Female	1983	40492
45-49	Female	1984	41864
45-49	Female	1985	49313
45-49	Female	1986	50600
45-49	Female	1987	52560
45-49	Female	1988	50861
45-49	Female	1989	50180
45-49	Female	1990	49672
45-49	Female	1991	48618
45-49	Female	1992	51054
45-49	Female	1993	52309
45-49	Female	1994	57510
45-49	Female	1995	59923
45-49	Female	1996	62017
45-49	Female	1997	60846
45-49	Female	1998	62237
45-49	Female	1999	65119
45-49	Female	2000	66377
45-49	Female	2001	61315
45-49	Female	2002	63230
45-49	Female	2003	63932
45-49	Female	2004	60688
45-49	Female	2005	60287
45-49	Female	2006	61101
45-49	Female	2007	59867
45-49	Female	2008	61436
45-49	Female	2009	59179
45-49	Female	2010	56149
45-49	Male	1950	13202
45-49	Male	1951	14246
45-49	Male	1952	16734
45-49	Male	1953	18034
45-49	Male	1954	18465
45-49	Male	1955	20700
45-49	Male	1956	20955
45-49	Male	1957	21207
45-49	Male	1958	21338
45-49	Male	1959	22393
45-49	Male	1960	22614
45-49	Male	1961	22344
45-49	Male	1962	22236
45-49	Male	1963	22523
45-49	Male	1964	21764
45-49	Male	1965	21951
45-49	Male	1966	23710
45-49	Male	1967	24884
45-49	Male	1968	27011
45-49	Male	1969	29212
45-49	Male	1970	29355
45-49	Male	1971	28782
45-49	Male	1972	29820
45-49	Male	1973	32927
45-49	Male	1974	33886
45-49	Male	1975	34663
45-49	Male	1976	35213
45-49	Male	1977	37013
45-49	Male	1978	37018
45-49	Male	1979	34160
45-49	Male	1980	46628
45-49	Male	1981	51582
45-49	Male	1982	52446
45-49	Male	1983	47358
45-49	Male	1984	48484
45-49	Male	1985	59500
45-49	Male	1986	60919
45-49	Male	1987	64114
45-49	Male	1988	61820
45-49	Male	1989	61179
45-49	Male	1990	59380
45-49	Male	1991	57433
45-49	Male	1992	59323
45-49	Male	1993	60518
45-49	Male	1994	65726
45-49	Male	1995	68539
45-49	Male	1996	71537
45-49	Male	1997	69710
45-49	Male	1998	71685
45-49	Male	1999	74578
45-49	Male	2000	74546
45-49	Male	2001	66490
45-49	Male	2002	67642
45-49	Male	2003	67741
45-49	Male	2004	63327
45-49	Male	2005	61641
45-49	Male	2006	61799
45-49	Male	2007	59079
45-49	Male	2008	59667
45-49	Male	2009	56360
45-49	Male	2010	53148
5-9	Female	1950	794
5-9	Female	1951	861
5-9	Female	1952	1068
5-9	Female	1953	1145
5-9	Female	1954	1284
5-9	Female	1955	1509
5-9	Female	1956	1654
5-9	Female	1957	1554
5-9	Female	1958	1563
5-9	Female	1959	1700
5-9	Female	1960	1711
5-9	Female	1961	1869
5-9	Female	1962	1877
5-9	Female	1963	2064
5-9	Female	1964	2004
5-9	Female	1965	2001
5-9	Female	1966	2068
5-9	Female	1967	2010
5-9	Female	1968	2220
5-9	Female	1969	2152
5-9	Female	1970	2086
5-9	Female	1971	1950
5-9	Female	1972	2027
5-9	Female	1973	2173
5-9	Female	1974	2118
5-9	Female	1975	2072
5-9	Female	1976	1968
5-9	Female	1977	1963
5-9	Female	1978	1942
5-9	Female	1979	2017
5-9	Female	1980	2408
5-9	Female	1981	2604
5-9	Female	1982	2719
5-9	Female	1983	2262
5-9	Female	1984	2257
5-9	Female	1985	2675
5-9	Female	1986	2759
5-9	Female	1987	2709
5-9	Female	1988	2667
5-9	Female	1989	2735
5-9	Female	1990	2702
5-9	Female	1991	2509
5-9	Female	1992	2585
5-9	Female	1993	2601
5-9	Female	1994	2509
5-9	Female	1995	2479
5-9	Female	1996	2483
5-9	Female	1997	2508
5-9	Female	1998	2455
5-9	Female	1999	2371
5-9	Female	2000	2512
5-9	Female	2001	2334
5-9	Female	2002	2426
5-9	Female	2003	2206
5-9	Female	2004	2071
5-9	Female	2005	2051
5-9	Female	2006	1939
5-9	Female	2007	1930
5-9	Female	2008	2039
5-9	Female	2009	1928
5-9	Female	2010	1779
5-9	Male	1950	1033
5-9	Male	1951	1137
5-9	Male	1952	1499
5-9	Male	1953	1632
5-9	Male	1954	1712
5-9	Male	1955	2142
5-9	Male	1956	2236
5-9	Male	1957	2155
5-9	Male	1958	2206
5-9	Male	1959	2446
5-9	Male	1960	2495
5-9	Male	1961	2535
5-9	Male	1962	2567
5-9	Male	1963	2692
5-9	Male	1964	2722
5-9	Male	1965	2782
5-9	Male	1966	2942
5-9	Male	1967	2882
5-9	Male	1968	3060
5-9	Male	1969	3028
5-9	Male	1970	2959
5-9	Male	1971	2790
5-9	Male	1972	2904
5-9	Male	1973	2964
5-9	Male	1974	2979
5-9	Male	1975	2887
5-9	Male	1976	2849
5-9	Male	1977	3104
5-9	Male	1978	2761
5-9	Male	1979	2834
5-9	Male	1980	3479
5-9	Male	1981	3682
5-9	Male	1982	3970
5-9	Male	1983	3181
5-9	Male	1984	3238
5-9	Male	1985	3688
5-9	Male	1986	3885
5-9	Male	1987	3953
5-9	Male	1988	3801
5-9	Male	1989	3887
5-9	Male	1990	3650
5-9	Male	1991	3495
5-9	Male	1992	3603
5-9	Male	1993	3509
5-9	Male	1994	3579
5-9	Male	1995	3335
5-9	Male	1996	3471
5-9	Male	1997	3388
5-9	Male	1998	3320
5-9	Male	1999	3362
5-9	Male	2000	3455
5-9	Male	2001	3018
5-9	Male	2002	3154
5-9	Male	2003	3051
5-9	Male	2004	2832
5-9	Male	2005	2705
5-9	Male	2006	2696
5-9	Male	2007	2425
5-9	Male	2008	2548
5-9	Male	2009	2473
5-9	Male	2010	2313
50-54	Female	1950	21590
50-54	Female	1951	23538
50-54	Female	1952	27395
50-54	Female	1953	28520
50-54	Female	1954	30086
50-54	Female	1955	32978
50-54	Female	1956	33115
50-54	Female	1957	33817
50-54	Female	1958	34436
50-54	Female	1959	36561
50-54	Female	1960	37367
50-54	Female	1961	38423
50-54	Female	1962	39292
50-54	Female	1963	41162
50-54	Female	1964	41735
50-54	Female	1965	41228
50-54	Female	1966	42389
50-54	Female	1967	40867
50-54	Female	1968	41157
50-54	Female	1969	40669
50-54	Female	1970	39967
50-54	Female	1971	40422
50-54	Female	1972	43110
50-54	Female	1973	49608
50-54	Female	1974	52315
50-54	Female	1975	52877
50-54	Female	1976	52516
50-54	Female	1977	53596
50-54	Female	1978	52982
50-54	Female	1979	48735
50-54	Female	1980	64589
50-54	Female	1981	71652
50-54	Female	1982	71939
50-54	Female	1983	62950
50-54	Female	1984	62187
50-54	Female	1985	68862
50-54	Female	1986	69434
50-54	Female	1987	74381
50-54	Female	1988	74461
50-54	Female	1989	76449
50-54	Female	1990	78022
50-54	Female	1991	77376
50-54	Female	1992	78269
50-54	Female	1993	76335
50-54	Female	1994	76954
50-54	Female	1995	74659
50-54	Female	1996	73591
50-54	Female	1997	74124
50-54	Female	1998	77787
50-54	Female	1999	84571
50-54	Female	2000	89777
50-54	Female	2001	87863
50-54	Female	2002	90247
50-54	Female	2003	91190
50-54	Female	2004	86625
50-54	Female	2005	85679
50-54	Female	2006	88949
50-54	Female	2007	87090
50-54	Female	2008	90287
50-54	Female	2009	89229
50-54	Female	2010	87867
50-54	Male	1950	20820
50-54	Male	1951	22651
50-54	Male	1952	27193
50-54	Male	1953	29416
50-54	Male	1954	30788
50-54	Male	1955	33987
50-54	Male	1956	34901
50-54	Male	1957	35764
50-54	Male	1958	36234
50-54	Male	1959	38371
50-54	Male	1960	39582
50-54	Male	1961	40468
50-54	Male	1962	41053
50-54	Male	1963	42903
50-54	Male	1964	43121
50-54	Male	1965	42544
50-54	Male	1966	43798
50-54	Male	1967	42755
50-54	Male	1968	42489
50-54	Male	1969	41559
50-54	Male	1970	41617
50-54	Male	1971	41586
50-54	Male	1972	44558
50-54	Male	1973	50578
50-54	Male	1974	55130
50-54	Male	1975	56199
50-54	Male	1976	57741
50-54	Male	1977	60934
50-54	Male	1978	62317
50-54	Male	1979	59958
50-54	Male	1980	84878
50-54	Male	1981	97497
50-54	Male	1982	99714
50-54	Male	1983	87061
50-54	Male	1984	86185
50-54	Male	1985	97891
50-54	Male	1986	98446
50-54	Male	1987	106445
50-54	Male	1988	106642
50-54	Male	1989	111428
50-54	Male	1990	113579
50-54	Male	1991	111210
50-54	Male	1992	110978
50-54	Male	1993	107384
50-54	Male	1994	105779
50-54	Male	1995	100243
50-54	Male	1996	97644
50-54	Male	1997	96372
50-54	Male	1998	99971
50-54	Male	1999	109970
50-54	Male	2000	116620
50-54	Male	2001	110881
50-54	Male	2002	114374
50-54	Male	2003	114652
50-54	Male	2004	108550
50-54	Male	2005	105676
50-54	Male	2006	108533
50-54	Male	2007	106632
50-54	Male	2008	108238
50-54	Male	2009	106283
50-54	Male	2010	102177
55-59	Female	1950	26311
55-59	Female	1951	28377
55-59	Female	1952	33323
55-59	Female	1953	34638
55-59	Female	1954	35457
55-59	Female	1955	40018
55-59	Female	1956	41177
55-59	Female	1957	41677
55-59	Female	1958	42210
55-59	Female	1959	44909
55-59	Female	1960	45171
55-59	Female	1961	45935
55-59	Female	1962	46645
55-59	Female	1963	49894
55-59	Female	1964	50242
55-59	Female	1965	51144
55-59	Female	1966	53640
55-59	Female	1967	54744
55-59	Female	1968	56698
55-59	Female	1969	59283
55-59	Female	1970	57823
55-59	Female	1971	55328
55-59	Female	1972	54837
55-59	Female	1973	59065
55-59	Female	1974	56969
55-59	Female	1975	58559
55-59	Female	1976	61116
55-59	Female	1977	66615
55-59	Female	1978	69477
55-59	Female	1979	65422
55-59	Female	1980	86588
55-59	Female	1981	96615
55-59	Female	1982	99793
55-59	Female	1983	90374
55-59	Female	1984	91299
55-59	Female	1985	103853
55-59	Female	1986	105115
55-59	Female	1987	108835
55-59	Female	1988	105890
55-59	Female	1989	104239
55-59	Female	1990	102257
55-59	Female	1991	100558
55-59	Female	1992	102053
55-59	Female	1993	102158
55-59	Female	1994	108687
55-59	Female	1995	108336
55-59	Female	1996	108458
55-59	Female	1997	105918
55-59	Female	1998	104396
55-59	Female	1999	105492
55-59	Female	2000	104142
55-59	Female	2001	96418
55-59	Female	2002	101349
55-59	Female	2003	105883
55-59	Female	2004	105562
55-59	Female	2005	109148
55-59	Female	2006	118447
55-59	Female	2007	117900
55-59	Female	2008	121366
55-59	Female	2009	118871
55-59	Female	2010	116680
55-59	Male	1950	28437
55-59	Male	1951	31263
55-59	Male	1952	37331
55-59	Male	1953	40041
55-59	Male	1954	42163
55-59	Male	1955	47374
55-59	Male	1956	49954
55-59	Male	1957	52352
55-59	Male	1958	53187
55-59	Male	1959	57341
55-59	Male	1960	58989
55-59	Male	1961	59919
55-59	Male	1962	61921
55-59	Male	1963	65620
55-59	Male	1964	66185
55-59	Male	1965	66784
55-59	Male	1966	69895
55-59	Male	1967	71500
55-59	Male	1968	73096
55-59	Male	1969	75777
55-59	Male	1970	73828
55-59	Male	1971	70375
55-59	Male	1972	69298
55-59	Male	1973	71310
55-59	Male	1974	69776
55-59	Male	1975	70741
55-59	Male	1976	74598
55-59	Male	1977	81794
55-59	Male	1978	87018
55-59	Male	1979	87222
55-59	Male	1980	110938
55-59	Male	1981	126270
55-59	Male	1982	135690
55-59	Male	1983	129277
55-59	Male	1984	135150
55-59	Male	1985	159267
55-59	Male	1986	164204
55-59	Male	1987	175458
55-59	Male	1988	171750
55-59	Male	1989	168934
55-59	Male	1990	167462
55-59	Male	1991	162881
55-59	Male	1992	163920
55-59	Male	1993	164153
55-59	Male	1994	170925
55-59	Male	1995	169351
55-59	Male	1996	166437
55-59	Male	1997	159415
55-59	Male	1998	155711
55-59	Male	1999	157634
55-59	Male	2000	152403
55-59	Male	2001	138203
55-59	Male	2002	143660
55-59	Male	2003	148629
55-59	Male	2004	146723
55-59	Male	2005	152290
55-59	Male	2006	165995
55-59	Male	2007	164485
55-59	Male	2008	167480
55-59	Male	2009	164322
55-59	Male	2010	160747
60-64	Female	1950	30540
60-64	Female	1951	32541
60-64	Female	1952	38657
60-64	Female	1953	40515
60-64	Female	1954	42373
60-64	Female	1955	46769
60-64	Female	1956	48294
60-64	Female	1957	49265
60-64	Female	1958	49656
60-64	Female	1959	52055
60-64	Female	1960	53804
60-64	Female	1961	55331
60-64	Female	1962	56266
60-64	Female	1963	59851
60-64	Female	1964	60499
60-64	Female	1965	59918
60-64	Female	1966	62425
60-64	Female	1967	63842
60-64	Female	1968	65845
60-64	Female	1969	68949
60-64	Female	1970	69401
60-64	Female	1971	69239
60-64	Female	1972	70946
60-64	Female	1973	83020
60-64	Female	1974	84580
60-64	Female	1975	84152
60-64	Female	1976	82640
60-64	Female	1977	83057
60-64	Female	1978	79132
60-64	Female	1979	70439
60-64	Female	1980	90707
60-64	Female	1981	102126
60-64	Female	1982	110703
60-64	Female	1983	108544
60-64	Female	1984	114897
60-64	Female	1985	130684
60-64	Female	1986	134674
60-64	Female	1987	143358
60-64	Female	1988	145280
60-64	Female	1989	145633
60-64	Female	1990	146220
60-64	Female	1991	143791
60-64	Female	1992	142996
60-64	Female	1993	139166
60-64	Female	1994	138697
60-64	Female	1995	134567
60-64	Female	1996	133717
60-64	Female	1997	131947
60-64	Female	1998	133947
60-64	Female	1999	142969
60-64	Female	2000	145044
60-64	Female	2001	135666
60-64	Female	2002	137665
60-64	Female	2003	135577
60-64	Female	2004	125528
60-64	Female	2005	121297
60-64	Female	2006	125725
60-64	Female	2007	128533
60-64	Female	2008	136802
60-64	Female	2009	140169
60-64	Female	2010	145837
60-64	Male	1950	36163
60-64	Male	1951	39147
60-64	Male	1952	46499
60-64	Male	1953	49302
60-64	Male	1954	51863
60-64	Male	1955	58037
60-64	Male	1956	60872
60-64	Male	1957	63399
60-64	Male	1958	64502
60-64	Male	1959	69200
60-64	Male	1960	73019
60-64	Male	1961	76451
60-64	Male	1962	80106
60-64	Male	1963	85839
60-64	Male	1964	88749
60-64	Male	1965	89035
60-64	Male	1966	94375
60-64	Male	1967	96325
60-64	Male	1968	99957
60-64	Male	1969	103844
60-64	Male	1970	103846
60-64	Male	1971	102346
60-64	Male	1972	104499
60-64	Male	1973	117296
60-64	Male	1974	118860
60-64	Male	1975	117689
60-64	Male	1976	115733
60-64	Male	1977	115660
60-64	Male	1978	110344
60-64	Male	1979	101424
60-64	Male	1980	124103
60-64	Male	1981	137219
60-64	Male	1982	149576
60-64	Male	1983	148826
60-64	Male	1984	159105
60-64	Male	1985	181721
60-64	Male	1986	192170
60-64	Male	1987	213556
60-64	Male	1988	223273
60-64	Male	1989	234032
60-64	Male	1990	240360
60-64	Male	1991	240481
60-64	Male	1992	240814
60-64	Male	1993	236142
60-64	Male	1994	232781
60-64	Male	1995	224439
60-64	Male	1996	220417
60-64	Male	1997	212995
60-64	Male	1998	217130
60-64	Male	1999	228642
60-64	Male	2000	230129
60-64	Male	2001	212571
60-64	Male	2002	213646
60-64	Male	2003	207432
60-64	Male	2004	188926
60-64	Male	2005	180643
60-64	Male	2006	186305
60-64	Male	2007	190152
60-64	Male	2008	200382
60-64	Male	2009	207171
60-64	Male	2010	215083
65-69	Female	1950	33806
65-69	Female	1951	35799
65-69	Female	1952	42934
65-69	Female	1953	45188
65-69	Female	1954	47338
65-69	Female	1955	52967
65-69	Female	1956	53903
65-69	Female	1957	54519
65-69	Female	1958	55853
65-69	Female	1959	57891
65-69	Female	1960	58995
65-69	Female	1961	60503
65-69	Female	1962	62600
65-69	Female	1963	65968
65-69	Female	1964	66347
65-69	Female	1965	67997
65-69	Female	1966	71743
65-69	Female	1967	73012
65-69	Female	1968	75430
65-69	Female	1969	79023
65-69	Female	1970	78006
65-69	Female	1971	77308
65-69	Female	1972	80082
65-69	Female	1973	94668
65-69	Female	1974	97347
65-69	Female	1975	99280
65-69	Female	1976	102099
65-69	Female	1977	106406
65-69	Female	1978	106752
65-69	Female	1979	94103
65-69	Female	1980	128229
65-69	Female	1981	136313
65-69	Female	1982	133469
65-69	Female	1983	118642
65-69	Female	1984	116524
65-69	Female	1985	127832
65-69	Female	1986	136278
65-69	Female	1987	150661
65-69	Female	1988	160654
65-69	Female	1989	169680
65-69	Female	1990	174141
65-69	Female	1991	174959
65-69	Female	1992	177783
65-69	Female	1993	178932
65-69	Female	1994	182117
65-69	Female	1995	180851
65-69	Female	1996	179121
65-69	Female	1997	172023
65-69	Female	1998	170155
65-69	Female	1999	173387
65-69	Female	2000	171981
65-69	Female	2001	159885
65-69	Female	2002	162421
65-69	Female	2003	165492
65-69	Female	2004	159774
65-69	Female	2005	159366
65-69	Female	2006	168355
65-69	Female	2007	167353
65-69	Female	2008	167202
65-69	Female	2009	162293
65-69	Female	2010	156648
65-69	Male	1950	39999
65-69	Male	1951	43317
65-69	Male	1952	52194
65-69	Male	1953	55548
65-69	Male	1954	59342
65-69	Male	1955	65434
65-69	Male	1956	67317
65-69	Male	1957	69661
65-69	Male	1958	70790
65-69	Male	1959	74936
65-69	Male	1960	77440
65-69	Male	1961	81808
65-69	Male	1962	84301
65-69	Male	1963	90595
65-69	Male	1964	93387
65-69	Male	1965	97218
65-69	Male	1966	104355
65-69	Male	1967	108302
65-69	Male	1968	114114
65-69	Male	1969	120116
65-69	Male	1970	120502
65-69	Male	1971	120313
65-69	Male	1972	122896
65-69	Male	1973	143580
65-69	Male	1974	146905
65-69	Male	1975	149676
65-69	Male	1976	152007
65-69	Male	1977	157271
65-69	Male	1978	157900
65-69	Male	1979	144107
65-69	Male	1980	179903
65-69	Male	1981	187465
65-69	Male	1982	183486
65-69	Male	1983	165197
65-69	Male	1984	161565
65-69	Male	1985	176994
65-69	Male	1986	188207
65-69	Male	1987	211965
65-69	Male	1988	223822
65-69	Male	1989	240168
65-69	Male	1990	248296
65-69	Male	1991	255344
65-69	Male	1992	265163
65-69	Male	1993	274199
65-69	Male	1994	283422
65-69	Male	1995	287678
65-69	Male	1996	287954
65-69	Male	1997	278572
65-69	Male	1998	276563
65-69	Male	1999	279849
65-69	Male	2000	276562
65-69	Male	2001	253296
65-69	Male	2002	257996
65-69	Male	2003	259769
65-69	Male	2004	246265
65-69	Male	2005	243685
65-69	Male	2006	256739
65-69	Male	2007	254472
65-69	Male	2008	251779
65-69	Male	2009	243959
65-69	Male	2010	235828
70-74	Female	1950	33215
70-74	Female	1951	34894
70-74	Female	1952	43539
70-74	Female	1953	45628
70-74	Female	1954	48071
70-74	Female	1955	53798
70-74	Female	1956	54620
70-74	Female	1957	55622
70-74	Female	1958	56384
70-74	Female	1959	59199
70-74	Female	1960	60905
70-74	Female	1961	62585
70-74	Female	1962	64015
70-74	Female	1963	67714
70-74	Female	1964	68610
70-74	Female	1965	70006
70-74	Female	1966	73210
70-74	Female	1967	75540
70-74	Female	1968	77611
70-74	Female	1969	79385
70-74	Female	1970	81147
70-74	Female	1971	81533
70-74	Female	1972	84316
70-74	Female	1973	101212
70-74	Female	1974	104273
70-74	Female	1975	105713
70-74	Female	1976	107423
70-74	Female	1977	111607
70-74	Female	1978	114706
70-74	Female	1979	100185
70-74	Female	1980	139347
70-74	Female	1981	152175
70-74	Female	1982	158258
70-74	Female	1983	151485
70-74	Female	1984	154590
70-74	Female	1985	169733
70-74	Female	1986	170152
70-74	Female	1987	169435
70-74	Female	1988	162976
70-74	Female	1989	160215
70-74	Female	1990	161285
70-74	Female	1991	167071
70-74	Female	1992	177710
70-74	Female	1993	188228
70-74	Female	1994	198945
70-74	Female	1995	201807
70-74	Female	1996	204110
70-74	Female	1997	201262
70-74	Female	1998	205555
70-74	Female	1999	213749
70-74	Female	2000	215294
70-74	Female	2001	203072
70-74	Female	2002	202011
70-74	Female	2003	199066
70-74	Female	2004	182160
70-74	Female	2005	177231
70-74	Female	2006	187040
70-74	Female	2007	189223
70-74	Female	2008	195050
70-74	Female	2009	197627
70-74	Female	2010	198758
70-74	Male	1950	38382
70-74	Male	1951	41128
70-74	Male	1952	49542
70-74	Male	1953	52439
70-74	Male	1954	56006
70-74	Male	1955	62570
70-74	Male	1956	64302
70-74	Male	1957	67382
70-74	Male	1958	68638
70-74	Male	1959	72535
70-74	Male	1960	75169
70-74	Male	1961	77341
70-74	Male	1962	79635
70-74	Male	1963	84473
70-74	Male	1964	86683
70-74	Male	1965	88558
70-74	Male	1966	94554
70-74	Male	1967	98169
70-74	Male	1968	102914
70-74	Male	1969	108387
70-74	Male	1970	110569
70-74	Male	1971	113404
70-74	Male	1972	118806
70-74	Male	1973	141832
70-74	Male	1974	148466
70-74	Male	1975	151761
70-74	Male	1976	155180
70-74	Male	1977	162633
70-74	Male	1978	166362
70-74	Male	1979	149427
70-74	Male	1980	189871
70-74	Male	1981	203358
70-74	Male	1982	210285
70-74	Male	1983	203197
70-74	Male	1984	205956
70-74	Male	1985	220970
70-74	Male	1986	220758
70-74	Male	1987	222836
70-74	Male	1988	214136
70-74	Male	1989	211822
70-74	Male	1990	215157
70-74	Male	1991	223033
70-74	Male	1992	236406
70-74	Male	1993	250367
70-74	Male	1994	264846
70-74	Male	1995	270947
70-74	Male	1996	277569
70-74	Male	1997	278610
70-74	Male	1998	290992
70-74	Male	1999	307696
70-74	Male	2000	313625
70-74	Male	2001	298043
70-74	Male	2002	299311
70-74	Male	2003	294175
70-74	Male	2004	267552
70-74	Male	2005	261157
70-74	Male	2006	276902
70-74	Male	2007	278798
70-74	Male	2008	285983
70-74	Male	2009	286256
70-74	Male	2010	287380
75-79	Female	1950	27267
75-79	Female	1951	28904
75-79	Female	1952	36977
75-79	Female	1953	39155
75-79	Female	1954	41664
75-79	Female	1955	46032
75-79	Female	1956	47467
75-79	Female	1957	48425
75-79	Female	1958	49498
75-79	Female	1959	51750
75-79	Female	1960	54049
75-79	Female	1961	54580
75-79	Female	1962	56685
75-79	Female	1963	60081
75-79	Female	1964	61283
75-79	Female	1965	62707
75-79	Female	1966	65539
75-79	Female	1967	67219
75-79	Female	1968	70109
75-79	Female	1969	72046
75-79	Female	1970	72947
75-79	Female	1971	73471
75-79	Female	1972	76280
75-79	Female	1973	92434
75-79	Female	1974	95320
75-79	Female	1975	98599
75-79	Female	1976	101653
75-79	Female	1977	106349
75-79	Female	1978	108952
75-79	Female	1979	95220
75-79	Female	1980	128869
75-79	Female	1981	138320
75-79	Female	1982	145822
75-79	Female	1983	141054
75-79	Female	1984	146096
75-79	Female	1985	161369
75-79	Female	1986	168353
75-79	Female	1987	179369
75-79	Female	1988	183513
75-79	Female	1989	189245
75-79	Female	1990	189660
75-79	Female	1991	184907
75-79	Female	1992	178796
75-79	Female	1993	172607
75-79	Female	1994	166954
75-79	Female	1995	170209
75-79	Female	1996	178957
75-79	Female	1997	185391
75-79	Female	1998	196875
75-79	Female	1999	213701
75-79	Female	2000	219168
75-79	Female	2001	214284
75-79	Female	2002	217830
75-79	Female	2003	220184
75-79	Female	2004	205016
75-79	Female	2005	204216
75-79	Female	2006	218603
75-79	Female	2007	217374
75-79	Female	2008	216626
75-79	Female	2009	211019
75-79	Female	2010	207887
75-79	Male	1950	29213
75-79	Male	1951	31458
75-79	Male	1952	39578
75-79	Male	1953	42417
75-79	Male	1954	44604
75-79	Male	1955	49594
75-79	Male	1956	51525
75-79	Male	1957	52347
75-79	Male	1958	53838
75-79	Male	1959	56244
75-79	Male	1960	58715
75-79	Male	1961	61107
75-79	Male	1962	62913
75-79	Male	1963	66704
75-79	Male	1964	69195
75-79	Male	1965	70860
75-79	Male	1966	74215
75-79	Male	1967	76881
75-79	Male	1968	80487
75-79	Male	1969	83394
75-79	Male	1970	84106
75-79	Male	1971	85930
75-79	Male	1972	89123
75-79	Male	1973	105376
75-79	Male	1974	109849
75-79	Male	1975	115896
75-79	Male	1976	122299
75-79	Male	1977	130246
75-79	Male	1978	135612
75-79	Male	1979	124050
75-79	Male	1980	154921
75-79	Male	1981	165213
75-79	Male	1982	172307
75-79	Male	1983	171902
75-79	Male	1984	176684
75-79	Male	1985	193066
75-79	Male	1986	199553
75-79	Male	1987	212156
75-79	Male	1988	217294
75-79	Male	1989	222714
75-79	Male	1990	222458
75-79	Male	1991	216920
75-79	Male	1992	211538
75-79	Male	1993	204937
75-79	Male	1994	200097
75-79	Male	1995	206119
75-79	Male	1996	215424
75-79	Male	1997	222291
75-79	Male	1998	236936
75-79	Male	1999	256524
75-79	Male	2000	264913
75-79	Male	2001	259595
75-79	Male	2002	268474
75-79	Male	2003	277546
75-79	Male	2004	262853
75-79	Male	2005	263489
75-79	Male	2006	287578
75-79	Male	2007	290543
75-79	Male	2008	290479
75-79	Male	2009	285620
75-79	Male	2010	281211
80-84	Female	1950	16741
80-84	Female	1951	17223
80-84	Female	1952	22253
80-84	Female	1953	23910
80-84	Female	1954	25926
80-84	Female	1955	29423
80-84	Female	1956	31136
80-84	Female	1957	32193
80-84	Female	1958	33385
80-84	Female	1959	35203
80-84	Female	1960	36901
80-84	Female	1961	37868
80-84	Female	1962	38898
80-84	Female	1963	41113
80-84	Female	1964	42991
80-84	Female	1965	44052
80-84	Female	1966	46219
80-84	Female	1967	47579
80-84	Female	1968	49716
80-84	Female	1969	52404
80-84	Female	1970	53037
80-84	Female	1971	53650
80-84	Female	1972	55710
80-84	Female	1973	67666
80-84	Female	1974	70370
80-84	Female	1975	72454
80-84	Female	1976	75080
80-84	Female	1977	79860
80-84	Female	1978	82724
80-84	Female	1979	72092
80-84	Female	1980	94892
80-84	Female	1981	102320
80-84	Female	1982	107637
80-84	Female	1983	108402
80-84	Female	1984	113697
80-84	Female	1985	122660
80-84	Female	1986	128179
80-84	Female	1987	135689
80-84	Female	1988	142543
80-84	Female	1989	148625
80-84	Female	1990	152645
80-84	Female	1991	156512
80-84	Female	1992	161875
80-84	Female	1993	164933
80-84	Female	1994	169332
80-84	Female	1995	170291
80-84	Female	1996	167808
80-84	Female	1997	159088
80-84	Female	1998	155838
80-84	Female	1999	155888
80-84	Female	2000	160452
80-84	Female	2001	164882
80-84	Female	2002	175830
80-84	Female	2003	186854
80-84	Female	2004	182286
80-84	Female	2005	184109
80-84	Female	2006	201640
80-84	Female	2007	206497
80-84	Female	2008	211071
80-84	Female	2009	210931
80-84	Female	2010	213379
80-84	Male	1950	15963
80-84	Male	1951	16800
80-84	Male	1952	21338
80-84	Male	1953	22451
80-84	Male	1954	24954
80-84	Male	1955	27944
80-84	Male	1956	30117
80-84	Male	1957	30902
80-84	Male	1958	31925
80-84	Male	1959	33605
80-84	Male	1960	35084
80-84	Male	1961	36612
80-84	Male	1962	37440
80-84	Male	1963	39804
80-84	Male	1964	41272
80-84	Male	1965	42203
80-84	Male	1966	45254
80-84	Male	1967	46303
80-84	Male	1968	49191
80-84	Male	1969	51145
80-84	Male	1970	51859
80-84	Male	1971	52679
80-84	Male	1972	54332
80-84	Male	1973	64335
80-84	Male	1974	65910
80-84	Male	1975	68502
80-84	Male	1976	71214
80-84	Male	1977	75395
80-84	Male	1978	78886
80-84	Male	1979	73288
80-84	Male	1980	90260
80-84	Male	1981	98218
80-84	Male	1982	104336
80-84	Male	1983	107026
80-84	Male	1984	113218
80-84	Male	1985	122697
80-84	Male	1986	127690
80-84	Male	1987	137137
80-84	Male	1988	142979
80-84	Male	1989	149224
80-84	Male	1990	153579
80-84	Male	1991	157937
80-84	Male	1992	162427
80-84	Male	1993	167598
80-84	Male	1994	172269
80-84	Male	1995	172986
80-84	Male	1996	171429
80-84	Male	1997	164625
80-84	Male	1998	161706
80-84	Male	1999	162375
80-84	Male	2000	169190
80-84	Male	2001	172157
80-84	Male	2002	183762
80-84	Male	2003	196438
80-84	Male	2004	189787
80-84	Male	2005	193485
80-84	Male	2006	218011
80-84	Male	2007	227825
80-84	Male	2008	237378
80-84	Male	2009	241938
80-84	Male	2010	247087
85+	Female	1950	9779
85+	Female	1951	9845
85+	Female	1952	12903
85+	Female	1953	13731
85+	Female	1954	14796
85+	Female	1955	17114
85+	Female	1956	17987
85+	Female	1957	19183
85+	Female	1958	19893
85+	Female	1959	21092
85+	Female	1960	23031
85+	Female	1961	24129
85+	Female	1962	25091
85+	Female	1963	26813
85+	Female	1964	27750
85+	Female	1965	29270
85+	Female	1966	31105
85+	Female	1967	32651
85+	Female	1968	34924
85+	Female	1969	36355
85+	Female	1970	37642
85+	Female	1971	39142
85+	Female	1972	41139
85+	Female	1973	48033
85+	Female	1974	50929
85+	Female	1975	53948
85+	Female	1976	56307
85+	Female	1977	59713
85+	Female	1978	62897
85+	Female	1979	58177
85+	Female	1980	73442
85+	Female	1981	79335
85+	Female	1982	84012
85+	Female	1983	86528
85+	Female	1984	92023
85+	Female	1985	100356
85+	Female	1986	106681
85+	Female	1987	114200
85+	Female	1988	120579
85+	Female	1989	127347
85+	Female	1990	132503
85+	Female	1991	137873
85+	Female	1992	143965
85+	Female	1993	152066
85+	Female	1994	157695
85+	Female	1995	165982
85+	Female	1996	172376
85+	Female	1997	175768
85+	Female	1998	183758
85+	Female	1999	195966
85+	Female	2000	202270
85+	Female	2001	200876
85+	Female	2002	202061
85+	Female	2003	202079
85+	Female	2004	187559
85+	Female	2005	191921
85+	Female	2006	217572
85+	Female	2007	228339
85+	Female	2008	238931
85+	Female	2009	247050
85+	Female	2010	258655
85+	Male	1950	7173
85+	Male	1951	7997
85+	Male	1952	9760
85+	Male	1953	10481
85+	Male	1954	11486
85+	Male	1955	13059
85+	Male	1956	13997
85+	Male	1957	14776
85+	Male	1958	15230
85+	Male	1959	16526
85+	Male	1960	17400
85+	Male	1961	18751
85+	Male	1962	19750
85+	Male	1963	20962
85+	Male	1964	21537
85+	Male	1965	22682
85+	Male	1966	24217
85+	Male	1967	25243
85+	Male	1968	27245
85+	Male	1969	28408
85+	Male	1970	29491
85+	Male	1971	30254
85+	Male	1972	31483
85+	Male	1973	37164
85+	Male	1974	38433
85+	Male	1975	40512
85+	Male	1976	42058
85+	Male	1977	44644
85+	Male	1978	47090
85+	Male	1979	44607
85+	Male	1980	52849
85+	Male	1981	56366
85+	Male	1982	60030
85+	Male	1983	61583
85+	Male	1984	64812
85+	Male	1985	71451
85+	Male	1986	75414
85+	Male	1987	82133
85+	Male	1988	87945
85+	Male	1989	92522
85+	Male	1990	97377
85+	Male	1991	102266
85+	Male	1992	107653
85+	Male	1993	113751
85+	Male	1994	119176
85+	Male	1995	125980
85+	Male	1996	131981
85+	Male	1997	135712
85+	Male	1998	140999
85+	Male	1999	150275
85+	Male	2000	153825
85+	Male	2001	154682
85+	Male	2002	155290
85+	Male	2003	156861
85+	Male	2004	145905
85+	Male	2005	151888
85+	Male	2006	172146
85+	Male	2007	184010
85+	Male	2008	193793
85+	Male	2009	202531
85+	Male	2010	213978
